{"loss": 0.004200771916657686, "_timestamp": 1650299917, "_runtime": 13917, "cos_loss": 0.00037461775355041027, "_step": 42090, "dev_accuracy": 0.9587155963302753, "test_accuracy": 0.9632070291048874, "ood_wmt16_softmax_auroc": 0.6705185821596399, "ood_wmt16_softmax_fpr95": 0.855618539513171, "ood_wmt16_maha_auroc": 0.9485797846948434, "ood_wmt16_maha_fpr95": 0.4008002667555852, "ood_wmt16_cosine_auroc": 0.9079466173879303, "ood_wmt16_cosine_fpr95": 0.6982327442480827, "ood_wmt16_energy_auroc": 0.6756530961537792, "ood_wmt16_energy_fpr95": 0.8566188729576526, "ood_imdb_softmax_auroc": 0.6972346842394289, "ood_imdb_softmax_fpr95": 0.84984, "ood_imdb_maha_auroc": 0.862930400878638, "ood_imdb_maha_fpr95": 0.77908, "ood_imdb_cosine_auroc": 0.8427662163646348, "ood_imdb_cosine_fpr95": 0.80608, "ood_imdb_energy_auroc": 0.7003328281164195, "ood_imdb_energy_fpr95": 0.85044, "ood_trec_softmax_auroc": 0.8426183415705657, "ood_trec_softmax_fpr95": 0.826, "ood_trec_maha_auroc": 0.946109829763866, "ood_trec_maha_fpr95": 0.42, "ood_trec_cosine_auroc": 0.9272004393190555, "ood_trec_cosine_fpr95": 0.704, "ood_trec_energy_auroc": 0.8473245469522239, "ood_trec_energy_fpr95": 0.826, "ood_20ng_softmax_auroc": 0.9213904760911726, "ood_20ng_softmax_fpr95": 0.5838607594936709, "ood_20ng_maha_auroc": 0.9623830162404391, "ood_20ng_maha_fpr95": 0.32647679324894513, "ood_20ng_cosine_auroc": 0.9491798392870797, "ood_20ng_cosine_fpr95": 0.4694092827004219, "ood_20ng_energy_auroc": 0.9228819538575967, "ood_20ng_energy_fpr95": 0.5864978902953587, "ood_rte_softmax_auroc": 0.7392244188174996, "ood_rte_softmax_fpr95": 0.765, "ood_rte_maha_auroc": 0.9776002196595278, "ood_rte_maha_fpr95": 0.17133333333333334, "ood_rte_cosine_auroc": 0.9425107999267801, "ood_rte_cosine_fpr95": 0.5283333333333333, "ood_rte_energy_auroc": 0.7485863994142412, "ood_rte_energy_fpr95": 0.7663333333333333, "_wandb": {"runtime": 13918}}