{"loss": 1.2080187797546387, "_timestamp": 1650264317, "_runtime": 5055, "cos_loss": 0.2629908323287964, "_step": 20, "dev_accuracy": 0.5, "test_accuracy": 0.500823723228995, "ood_imdb_softmax_auroc": 0.0077356177924217465, "ood_imdb_softmax_fpr95": 0.99948, "ood_imdb_maha_auroc": 0.947244546952224, "ood_imdb_maha_fpr95": 0.14816, "ood_imdb_cosine_auroc": 0.9989772322899506, "ood_imdb_cosine_fpr95": 0.00216, "ood_imdb_energy_auroc": 0.451871477210324, "ood_imdb_energy_fpr95": 0.81268, "ood_trec_softmax_auroc": 0.30287644151565074, "ood_trec_softmax_fpr95": 0.998, "ood_trec_maha_auroc": 0.503783635365184, "ood_trec_maha_fpr95": 0.942, "ood_trec_cosine_auroc": 0.7850955518945634, "ood_trec_cosine_fpr95": 0.906, "ood_trec_energy_auroc": 0.6424058209774849, "ood_trec_energy_fpr95": 0.942, "ood_20ng_softmax_auroc": 0.00036523030652698476, "ood_20ng_softmax_fpr95": 1.0, "ood_20ng_maha_auroc": 0.7887007996255593, "ood_20ng_maha_fpr95": 0.5321729957805907, "ood_20ng_cosine_auroc": 0.9999073166549655, "ood_20ng_cosine_fpr95": 0.0, "ood_20ng_energy_auroc": 0.5994713863343042, "ood_20ng_energy_fpr95": 0.6534810126582279, "ood_rte_softmax_auroc": 0.003508877905912498, "ood_rte_softmax_fpr95": 0.9996666666666667, "ood_rte_maha_auroc": 0.9680232473000182, "ood_rte_maha_fpr95": 0.09533333333333334, "ood_rte_cosine_auroc": 0.9992474830679114, "ood_rte_cosine_fpr95": 0.0, "ood_rte_energy_auroc": 0.05761550430166576, "ood_rte_energy_fpr95": 0.989, "_wandb": {"runtime": 5056}}