{"loss": 1.275038480758667, "_timestamp": 1650814629, "_runtime": 5264, "cos_loss": 0.2855221629142761, "_step": 20, "dev_accuracy": 0.5, "test_accuracy": 0.500823723228995, "ood_wmt16_softmax_auroc": 0.07542492198113264, "ood_wmt16_softmax_fpr95": 0.9889963321107036, "ood_wmt16_maha_auroc": 0.7039040470931276, "ood_wmt16_maha_fpr95": 0.6958986328776259, "ood_wmt16_cosine_auroc": 0.9875947116913766, "ood_wmt16_cosine_fpr95": 0.04468156052017339, "ood_wmt16_energy_auroc": 0.1247906358681889, "ood_wmt16_energy_fpr95": 0.9493164388129376, "ood_imdb_softmax_auroc": 0.010547391543108183, "ood_imdb_softmax_fpr95": 0.99828, "ood_imdb_maha_auroc": 0.8286455683690281, "ood_imdb_maha_fpr95": 0.437, "ood_imdb_cosine_auroc": 0.9993104997254255, "ood_imdb_cosine_fpr95": 0.00236, "ood_imdb_energy_auroc": 0.46408224052718294, "ood_imdb_energy_fpr95": 0.76904, "ood_trec_softmax_auroc": 0.1890422844590884, "ood_trec_softmax_fpr95": 1.0, "ood_trec_maha_auroc": 0.44562548050521694, "ood_trec_maha_fpr95": 0.948, "ood_trec_cosine_auroc": 0.6872399780340472, "ood_trec_cosine_fpr95": 0.938, "ood_trec_energy_auroc": 0.6238599670510708, "ood_trec_energy_fpr95": 0.954, "ood_20ng_softmax_auroc": 0.0012506458870607017, "ood_20ng_softmax_fpr95": 1.0, "ood_20ng_maha_auroc": 0.9131296385117835, "ood_20ng_maha_fpr95": 0.23417721518987342, "ood_20ng_cosine_auroc": 0.9999013791281741, "ood_20ng_cosine_fpr95": 0.0005274261603375527, "ood_20ng_energy_auroc": 0.6972033669542168, "ood_20ng_energy_fpr95": 0.5147679324894515, "ood_rte_softmax_auroc": 0.004144609189090231, "ood_rte_softmax_fpr95": 0.9996666666666667, "ood_rte_maha_auroc": 0.783139117700897, "ood_rte_maha_fpr95": 0.5276666666666666, "ood_rte_cosine_auroc": 0.9991303313197877, "ood_rte_cosine_fpr95": 0.0006666666666666666, "ood_rte_energy_auroc": 0.0523817499542376, "ood_rte_energy_fpr95": 0.9866666666666667, "_wandb": {"runtime": 5265}}