{"loss": 1.232189655303955, "_timestamp": 1650820212, "_runtime": 122, "cos_loss": 0.2701209783554077, "train_acc": 43.75, "_step": 231}