{"loss": 1.2374341487884521, "_timestamp": 1650809066, "_runtime": 629, "cos_loss": 0.2822363078594208, "_step": 4, "dev_accuracy": 0.4908256880733945, "test_accuracy": 0.500823723228995, "ood_wmt16_softmax_auroc": 0.07845998089423548, "ood_wmt16_softmax_fpr95": 0.9886628876292097, "ood_wmt16_maha_auroc": 0.853709244835227, "ood_wmt16_maha_fpr95": 0.34611537179059687, "ood_wmt16_cosine_auroc": 0.9819037244521741, "ood_wmt16_cosine_fpr95": 0.07302434144714905, "ood_wmt16_energy_auroc": 0.12527331552399218, "ood_wmt16_energy_fpr95": 0.9509836612204068, "ood_imdb_softmax_auroc": 0.01422444810543657, "ood_imdb_softmax_fpr95": 0.998, "ood_imdb_maha_auroc": 0.9914799780340472, "ood_imdb_maha_fpr95": 0.0246, "ood_imdb_cosine_auroc": 0.9992819989017023, "ood_imdb_cosine_fpr95": 0.00332, "ood_imdb_energy_auroc": 0.4246219549697968, "ood_imdb_energy_fpr95": 0.77632, "ood_trec_softmax_auroc": 0.2982850082372323, "ood_trec_softmax_fpr95": 0.998, "ood_trec_maha_auroc": 0.47127841845140034, "ood_trec_maha_fpr95": 0.97, "ood_trec_cosine_auroc": 0.5013113673805601, "ood_trec_cosine_fpr95": 0.946, "ood_trec_energy_auroc": 0.6097633168588688, "ood_trec_energy_fpr95": 0.968, "ood_20ng_softmax_auroc": 0.003788721363742741, "ood_20ng_softmax_fpr95": 1.0, "ood_20ng_maha_auroc": 0.9685183640462768, "ood_20ng_maha_fpr95": 0.08966244725738397, "ood_20ng_cosine_auroc": 0.999816081487197, "ood_20ng_cosine_fpr95": 0.0010548523206751054, "ood_20ng_energy_auroc": 0.7087841509162907, "ood_20ng_energy_fpr95": 0.4978902953586498, "ood_rte_softmax_auroc": 0.01071023247300018, "ood_rte_softmax_fpr95": 0.9996666666666667, "ood_rte_maha_auroc": 0.9727100494233937, "ood_rte_maha_fpr95": 0.08133333333333333, "ood_rte_cosine_auroc": 0.99857926047959, "ood_rte_cosine_fpr95": 0.0016666666666666668, "ood_rte_energy_auroc": 0.03839767526999817, "ood_rte_energy_fpr95": 0.99, "_wandb": {"runtime": 873}}