{"loss": 1.216432809829712, "_timestamp": 1650226652, "_runtime": 134, "cos_loss": 0.2729570269584656, "_step": 1}