{"loss": 1.216432809829712, "_timestamp": 1650225089, "_runtime": 125, "cos_loss": 0.2729570269584656, "_step": 1}