{"loss": 0.08751405775547028, "_timestamp": 1650822336, "_runtime": 6899, "cos_loss": 0.008487453684210777, "_step": 12088, "dev_accuracy": 0.9541284403669725, "test_accuracy": 0.9676002196595277, "ood_wmt16_softmax_auroc": 0.7748764506711829, "ood_wmt16_softmax_fpr95": 0.6858952984328109, "ood_wmt16_maha_auroc": 0.9904156227071114, "ood_wmt16_maha_fpr95": 0.050016672224074694, "ood_wmt16_cosine_auroc": 0.9834346209856883, "ood_wmt16_cosine_fpr95": 0.10803601200400133, "ood_wmt16_energy_auroc": 0.7777478086691536, "ood_wmt16_energy_fpr95": 0.7009003001000333, "ood_imdb_softmax_auroc": 0.5762109060955518, "ood_imdb_softmax_fpr95": 0.902, "ood_imdb_maha_auroc": 0.8844884568918177, "ood_imdb_maha_fpr95": 0.596, "ood_imdb_cosine_auroc": 0.8774366501922021, "ood_imdb_cosine_fpr95": 0.59684, "ood_imdb_energy_auroc": 0.5773809884678748, "ood_imdb_energy_fpr95": 0.90452, "ood_trec_softmax_auroc": 0.9400834706205383, "ood_trec_softmax_fpr95": 0.426, "ood_trec_maha_auroc": 0.9719648544755629, "ood_trec_maha_fpr95": 0.186, "ood_trec_cosine_auroc": 0.9629626578802856, "ood_trec_cosine_fpr95": 0.232, "ood_trec_energy_auroc": 0.9390159253157606, "ood_trec_energy_fpr95": 0.44, "ood_20ng_softmax_auroc": 0.9375499621156826, "ood_20ng_softmax_fpr95": 0.3987341772151899, "ood_20ng_maha_auroc": 0.9954906656286131, "ood_20ng_maha_fpr95": 0.025843881856540084, "ood_20ng_cosine_auroc": 0.9918366247506238, "ood_20ng_cosine_fpr95": 0.05485232067510549, "ood_20ng_energy_auroc": 0.9362046054354147, "ood_20ng_energy_fpr95": 0.4272151898734177, "ood_rte_softmax_auroc": 0.8274209225700165, "ood_rte_softmax_fpr95": 0.5956666666666667, "ood_rte_maha_auroc": 0.9989297089511258, "ood_rte_maha_fpr95": 0.005, "ood_rte_cosine_auroc": 0.997998718652755, "ood_rte_cosine_fpr95": 0.012666666666666666, "ood_rte_energy_auroc": 0.8305341387516018, "ood_rte_energy_fpr95": 0.6136666666666667}