{"loss": 2.9751076698303223, "_timestamp": 1650275987, "_runtime": 2367, "cos_loss": 0.007020135875791311, "_step": 200, "dev_accuracy": 0.146875, "test_accuracy": 0.14451476793248946, "ood_wmt16_softmax_auroc": 0.24743242473229474, "ood_wmt16_softmax_fpr95": 0.9946648882960987, "ood_wmt16_maha_auroc": 0.9974705000119591, "ood_wmt16_maha_fpr95": 0.0010003334444814939, "ood_wmt16_cosine_auroc": 0.9878975129543883, "ood_wmt16_cosine_fpr95": 0.050016672224074694, "ood_wmt16_energy_auroc": 0.08435406738955178, "ood_wmt16_energy_fpr95": 0.9989996665555185, "ood_imdb_softmax_auroc": 0.11085517932489453, "ood_imdb_softmax_fpr95": 1.0, "ood_imdb_maha_auroc": 0.9808734810126583, "ood_imdb_maha_fpr95": 0.06344, "ood_imdb_cosine_auroc": 0.9506993776371309, "ood_imdb_cosine_fpr95": 0.3396, "ood_imdb_energy_auroc": 0.28412932489451476, "ood_imdb_energy_fpr95": 0.98504, "ood_trec_softmax_auroc": 0.15787816455696202, "ood_trec_softmax_fpr95": 1.0, "ood_trec_maha_auroc": 0.9970179324894515, "ood_trec_maha_fpr95": 0.0, "ood_trec_cosine_auroc": 0.9876360759493671, "ood_trec_cosine_fpr95": 0.02, "ood_trec_energy_auroc": 0.12236181434599158, "ood_trec_energy_fpr95": 1.0, "ood_sst2_softmax_auroc": 0.06642933937628742, "ood_sst2_softmax_fpr95": 1.0, "ood_sst2_maha_auroc": 0.9931423013737989, "ood_sst2_maha_fpr95": 0.004942339373970346, "ood_sst2_cosine_auroc": 0.9714215250117593, "ood_sst2_cosine_fpr95": 0.18341570565623283, "ood_sst2_energy_auroc": 0.20124711233453127, "ood_sst2_energy_fpr95": 0.9956068094453597, "ood_rte_softmax_auroc": 0.30722538677918426, "ood_rte_softmax_fpr95": 0.9903333333333333, "ood_rte_maha_auroc": 0.9977352320675106, "ood_rte_maha_fpr95": 0.002, "ood_rte_cosine_auroc": 0.9913180379746835, "ood_rte_cosine_fpr95": 0.022, "ood_rte_energy_auroc": 0.038680643459915606, "ood_rte_energy_fpr95": 0.9986666666666667, "_wandb": {"runtime": 2368}}