{"loss": 0.5874286890029907, "_timestamp": 1651937308, "_runtime": 466, "cos_loss": 0.0870523601770401, "_step": 1081}