{"loss": 3.493023633956909, "_timestamp": 1650273512, "_runtime": 107, "cos_loss": 0.2683357000350952, "_step": 20, "_wandb": {"runtime": 110}}