{"loss": 3.493023633956909, "_timestamp": 1650273253, "_runtime": 112, "cos_loss": 0.2683357000350952, "_step": 20, "_wandb": {"runtime": 114}}