{"loss": 0.7977983355522156, "_timestamp": 1650259111, "_runtime": 85, "cos_loss": 0.03447095677256584, "_step": 2, "dev_accuracy": 0.5, "test_accuracy": 0.500823723228995, "_wandb": {"runtime": 214}}