{"loss": 1.2242627143859863, "_timestamp": 1650276477, "_runtime": 148, "cos_loss": 0.2780850827693939, "_step": 355}