{"loss": 0.7659844756126404, "_timestamp": 1650282339, "_runtime": 5272, "cos_loss": 0.014681247994303703, "_step": 30, "dev_accuracy": 0.5, "test_accuracy": 0.500823723228995, "ood_wmt16_softmax_auroc": 0.19946443799040464, "ood_wmt16_softmax_fpr95": 0.9789929976658887, "ood_wmt16_maha_auroc": 0.8719525582296425, "ood_wmt16_maha_fpr95": 0.31377125708569525, "ood_wmt16_cosine_auroc": 0.9876902038918702, "ood_wmt16_cosine_fpr95": 0.046348782927642544, "ood_wmt16_energy_auroc": 0.12105490407840504, "ood_wmt16_energy_fpr95": 0.9483161053684561, "ood_imdb_softmax_auroc": 0.05828572213069742, "ood_imdb_softmax_fpr95": 0.99092, "ood_imdb_maha_auroc": 0.8489382097748489, "ood_imdb_maha_fpr95": 0.3796, "ood_imdb_cosine_auroc": 0.9992648984074685, "ood_imdb_cosine_fpr95": 0.0028, "ood_imdb_energy_auroc": 0.5482565842943437, "ood_imdb_energy_fpr95": 0.69228, "ood_trec_softmax_auroc": 0.23933498077979135, "ood_trec_softmax_fpr95": 1.0, "ood_trec_maha_auroc": 0.41360351455244365, "ood_trec_maha_fpr95": 0.986, "ood_trec_cosine_auroc": 0.8191812191103789, "ood_trec_cosine_fpr95": 0.93, "ood_trec_energy_auroc": 0.6592427237781439, "ood_trec_energy_fpr95": 0.94, "ood_20ng_softmax_auroc": 0.009990395688370799, "ood_20ng_softmax_fpr95": 0.9989451476793249, "ood_20ng_maha_auroc": 0.8506836555238116, "ood_20ng_maha_fpr95": 0.35864978902953587, "ood_20ng_cosine_auroc": 0.9995484583284096, "ood_20ng_cosine_fpr95": 0.0, "ood_20ng_energy_auroc": 0.6198672253155288, "ood_20ng_energy_fpr95": 0.609704641350211, "ood_rte_softmax_auroc": 0.1094699798645433, "ood_rte_softmax_fpr95": 0.9853333333333333, "ood_rte_maha_auroc": 0.8806642870217829, "ood_rte_maha_fpr95": 0.31233333333333335, "ood_rte_cosine_auroc": 0.998733296723412, "ood_rte_cosine_fpr95": 0.0013333333333333333, "ood_rte_energy_auroc": 0.057773110012813475, "ood_rte_energy_fpr95": 0.984, "_wandb": {"runtime": 5274}}